movie_name,movie_id
Interstellar,157336
Spider-Man,557
The Avengers,24428
Harry Potter and the Philosopher's Stone,671
The Fast and the Furious: Tokyo Drift,9615
The Godfather,238
star wars,11
Titanic,597
The Dark Knight,155
Inception,27205
the conjuring,138843
The Lord of the Rings: The Fellowship of the Ring,120
The Social Network,37799
la la land,313369
avatar,19995
kung fu panda,9502
The Incredibles,9806
The Lion King,8587
Deadpool,293660
shutter island,11324
The Wolf of Wall Street,106646
American Psycho,1359
knives out,546554
Se7en,807
